building,unit,beds,baths,sqft
Journal Square Urby,1002,2,2,
Journal Square Urby,1003,0,1,
Journal Square Urby,1008,1,1,
Journal Square Urby,1010,2,2,
Journal Square Urby,1101,0,1,
Journal Square Urby,1115,0,1.0,456
Journal Square Urby,1116,1,1,
Journal Square Urby,1204,0,1,
Journal Square Urby,1216,1,1,
Journal Square Urby,1406,0,1,
Journal Square Urby,1408,1,1,
Journal Square Urby,1410,2,2.0,907
Journal Square Urby,1415,0,1.0,456
Journal Square Urby,1416,1,1,
Journal Square Urby,1506,0,1.0,442
Journal Square Urby,1515,0,1.0,456
Journal Square Urby,1605,1,1.0,523
Journal Square Urby,1606,0,1.0,
Journal Square Urby,1615,0,1,
Journal Square Urby,1701,0,1,
Journal Square Urby,1704,0,1,
Journal Square Urby,1710,2,2.0,907
Journal Square Urby,1714,2,2.0,831
Journal Square Urby,1801,0,1,
Journal Square Urby,1804,0,1,
Journal Square Urby,1812,2,2.0,805
Journal Square Urby,1816,1,1,
Journal Square Urby,1903,0,1.0,442
Journal Square Urby,1904,0,1,
Journal Square Urby,1908,1,1.0,523
Journal Square Urby,1910,2,2.0,907
Journal Square Urby,2008,1,1.0,523
Journal Square Urby,2014,2,2,
Journal Square Urby,203,0,1,
Journal Square Urby,205,1,1,
Journal Square Urby,208,1,2,
Journal Square Urby,2101,0,1,
Journal Square Urby,2107,1,1.0,523
Journal Square Urby,2110,2,2,
Journal Square Urby,2112,2,2.0,805
Journal Square Urby,212,1,1,
Journal Square Urby,2204,0,1,
Journal Square Urby,2206,0,1,
Journal Square Urby,2214,2,2.0,831
Journal Square Urby,2303,0,1,
Journal Square Urby,2306,0,1.0,442
Journal Square Urby,2307,1,1,
Journal Square Urby,2403,0,1,
Journal Square Urby,2416,1,1,
Journal Square Urby,305,1,1,
Journal Square Urby,403,0,1,
Journal Square Urby,416,1,1,
Journal Square Urby,504,0,1,
Journal Square Urby,506,0,1,
Journal Square Urby,507,1,1.0,523
Journal Square Urby,515,0,1,
Journal Square Urby,712,1,1.0,523
Journal Square Urby,713,1,1,
Journal Square Urby,714,3,2.0,892
Journal Square Urby,715,0,1,
Journal Square Urby,716,1,1,
Journal Square Urby,802,2,2,
Journal Square Urby,803,0,1,
Journal Square Urby,804,0,1.0,442
Journal Square Urby,906,0,1,
Journal Square Urby,911,1,1,
Journal Square Urby,916,1,1,
Journal Squared,0902,1,1,591
Journal Squared,0905,0,1,498
Journal Squared,0906,3,2,1158
Journal Squared,0909,0,1.0,622
Journal Squared,0911,0,1,502
Journal Squared,1002,2,2,914
Journal Squared,1004,0,1,549
Journal Squared,1007,0,1.0,444
Journal Squared,1009,0,1.0,622
Journal Squared,1011,2,2.0,1011
Journal Squared,1102,1,1,716
Journal Squared,1105,0,1,498
Journal Squared,1108,2,2,1083
Journal Squared,1110,2,2,934
Journal Squared,1111,0,1.0,474
Journal Squared,1112,0,1,511
Journal Squared,1115,1,1.0,830
Journal Squared,1202,2,2,914
Journal Squared,1205,0,1,498
Journal Squared,1206,3,2,1158
Journal Squared,1211,0,1,474
Journal Squared,1212,0,1,511
Journal Squared,1213,3,2,1286
Journal Squared,1401,1,1.0,687
Journal Squared,1402,1,1,716
Journal Squared,1405,0,1.0,498
Journal Squared,1406,3,2,1158
Journal Squared,1409,3,2.0,1415
Journal Squared,1412,0,1,511
Journal Squared,1414,0,1,479
Journal Squared,1502,1,1.0,716
Journal Squared,1503,0,1.0,453
Journal Squared,1504,0,1,530
Journal Squared,1507,0,1,410
Journal Squared,1514,0,1.0,479
Journal Squared,1605,0,1.0,403
Journal Squared,1606,0,1.0,484
Journal Squared,1607,0,1.0,523
Journal Squared,1613,0,1,487
Journal Squared,1701,1,1.0,656
Journal Squared,1702,1,1,716
Journal Squared,1703,1,1,646
Journal Squared,1706,0,1,484
Journal Squared,1709,1,1.0,965
Journal Squared,1712,0,1,511
Journal Squared,1802,1,1,591
Journal Squared,1810,1,1.0,827
Journal Squared,1812,0,1,511
Journal Squared,1901,1,1,656
Journal Squared,1905,3,2.0,1241
Journal Squared,1908,0,1.0,431
Journal Squared,1912,1,1.0,870
Journal Squared,2001,1,1,656
Journal Squared,2002,1,1.0,738
Journal Squared,2003,1,1,624
Journal Squared,2014,1,1.0,869
Journal Squared,2101,1,1,656
Journal Squared,2106,2,2.0,991
Journal Squared,2204,0,1.0,454
Journal Squared,2212,2,2,1044
Journal Squared,2214,1,1,869
Journal Squared,2301,1,1,656
Journal Squared,2304,0,1,488
Journal Squared,2305,2,2.0,944
Journal Squared,2306,2,2,991
Journal Squared,2308,0,1.0,431
Journal Squared,2309,3,2,1422
Journal Squared,2312,2,2,1044
Journal Squared,2412,1,1,870
Journal Squared,2413,2,2,996
Journal Squared,2501,1,1,631
Journal Squared,2601,1,1,777
Journal Squared,2605,1,1,618
Journal Squared,2614,1,1,869
Journal Squared,2701,0,1,496
Journal Squared,2705,1,1,618
Journal Squared,2711,0,1,477
Journal Squared,2802,1,1,698
Journal Squared,2803,1,1,538
Journal Squared,2805,3,2.0,1241
Journal Squared,2811,0,1.0,477
Journal Squared,2901,0,1,496
Journal Squared,2902,2,2,1056
Journal Squared,2905,1,1.0,622
Journal Squared,3103,1,1.0,686
Journal Squared,3106,1,1,623
Journal Squared,3303,1,1.0,652
Journal Squared,3304,2,2,1031
Journal Squared,3305,1,1,618
Journal Squared,3307,2,2,1071
Journal Squared,3403,1,1,732
Journal Squared,3404,2,2.0,1031
Journal Squared,3405,1,1,618
Journal Squared,3410,2,2,1048
Journal Squared,3411,0,1.0,573
Journal Squared,3502,2,2,1056
Journal Squared,3504,1,1,628
Journal Squared,3505,1,1,618
Journal Squared,3510,2,2,1047
Journal Squared,3601,1,1,637
Journal Squared,3605,1,1,735
Journal Squared,3701,0,1,510
Journal Squared,3703,1,1,732
Journal Squared,3704,2,2,1066
Journal Squared,3705,1,1.0,618
Journal Squared,3709,0,1,467
Journal Squared,3903,1,1,700
Journal Squared,4101,1,1,637
Journal Squared,4104,2,2,1030
Journal Squared,4105,1,1.0,641
Journal Squared,4106,1,1,860
Journal Squared,4110,2,2,1048
Journal Squared,4202,2,2,1025
Journal Squared,4203,1,1,732
Journal Squared,4207,2,2,1071
Journal Squared,4301,1,1,637
Journal Squared,4302,2,2.0,1025
Journal Squared,4307,1,1,706
Journal Squared,4310,2,2,1048
Journal Squared,4405,1,1,618
Journal Squared,4411,0,1,573
Journal Squared,4502,1,1,738
Journal Squared,4602,2,2,1025
Journal Squared,4603,1,1,652
Journal Squared,4604,2,2,1066
Journal Squared,4610,2,2,1048
Journal Squared,4611,0,1.0,573
Journal Squared,4702,2,2,1056
Journal Squared,4703,1,1,732
Journal Squared,4704,1,1.0,646
Journal Squared,4711,0,1,573
Journal Squared,4801,0,1,510
Journal Squared,4802,2,2.0,1056
Journal Squared,4804,2,2.0,1031
Journal Squared,4805,1,1,618
Journal Squared,4807,2,2,1071
Journal Squared,4810,2,2,1048
Journal Squared,4904,2,2,1066
Journal Squared,4907,1,1,706
Journal Squared,4908,1,1,610
Journal Squared,4910,2,2,1048
Journal Squared,5001,0,1,510
Journal Squared,5003,1,1,700
Journal Squared,5004,2,2,1031
Journal Squared,5105,1,1,622
Journal Squared,5107,2,2.0,1071
Journal Squared,5110,2,2.0,1048
Journal Squared,5201,1,1.0,630
Journal Squared,5206,1,1,860
Journal Squared,5208,1,1,684
Journal Squared,5305,1,1.0,618
Journal Squared,5309,0,1.0,467
Journal Squared,5310,2,2,1048
Journal Squared,5501,0,1,510
Journal Squared,5502,2,2,1025
Journal Squared,5505,1,1.0,618
Journal Squared,5603,1,1,700
Journal Squared,5604,2,2,1066
Journal Squared,5701,1,1.0,637
Journal Squared,5702,2,2,1056
Journal Squared,5705,1,1.0,618
Journal Squared,5804,2,2,1030
Journal Squared,5806,1,1,623
Journal Squared,5809,0,1.0,467
Journal Squared,5910,2,2,1048
Journal Squared,6209,0,1,467
Journal Squared,6304,2,2,1031
Journal Squared,6309,0,1,467
Journal Squared,6401,1,1,637
Journal Squared,6404,2,2,1031
Journal Squared,6509,0,1.0,467
Journal Squared,PH1-07,2,2.0,1415
The Journal,0204,0,1.0,421
The Journal,0206,3,2.0,1226
The Journal,0302,0,1,387
The Journal,0303,3,2.0,1153
The Journal,0304,0,1.0,421
The Journal,0305,1,1.0,811
The Journal,0311,0,1,515
The Journal,0403,3,2.0,1153
The Journal,0404,0,1,461
The Journal,0405,1,1,855
The Journal,0411,0,1,515
The Journal,0416,1,1.0,690
The Journal,0420,0,1,567
The Journal,0422,0,1,491
The Journal,0502,0,1.0,387
The Journal,0504,0,1.0,461
The Journal,0513,1,1.0,895
The Journal,0516,1,1,690
The Journal,0603,3,2,1153
The Journal,0611,0,1.0,496
The Journal,0619,0,1,567
The Journal,0702,0,1.0,387
The Journal,0707,1,1.0,954
The Journal,0708,0,1.0,524
The Journal,0803,3,2,1153
The Journal,0810,0,1.0,497
The Journal,0813,1,1,696
The Journal,0902,0,1,387
The Journal,0906,3,2,1374
The Journal,0913,1,1,696
The Journal,0919,0,1,567
The Journal,1001,2,2,1199
The Journal,1002,0,1,387
The Journal,1003,3,2,1153
The Journal,1004,0,1,461
The Journal,1005,1,1.0,855
The Journal,1006,3,2,1305
The Journal,1008,0,1,422
The Journal,1009,0,1,411
The Journal,1011,0,1,400
The Journal,1017,1,1,831
The Journal,1022,0,1.0,484
The Journal,1303N,0,1,474
The Journal,1304N,0,1,434
The Journal,1305N,1,1.0,733
The Journal,1309S,1,1,707
The Journal,1310S,1,1,651
The Journal,1311S,1,1,731
The Journal,1312S,1,1.0,763
The Journal,1313N,1,1.0,616
The Journal,1313S,1,1,616
The Journal,1314N,2,2.0,1096
The Journal,1314S,2,2,989
The Journal,1315S,0,1,405
The Journal,1403S,0,1,461
The Journal,1404N,0,1.0,
The Journal,1404S,0,1,430
The Journal,1408N,0,1.0,468
The Journal,1409N,1,1.0,
The Journal,1409S,1,1.0,700
The Journal,1411S,1,1.0,733
The Journal,1413S,1,1.0,616
The Journal,1414S,2,2.0,989
The Journal,1415N,0,1.0,405
The Journal,1502S,1,1,730
The Journal,1503S,0,1.0,461
The Journal,1510S,1,1,650
The Journal,1511N,1,1,733
The Journal,1514S,2,2,989
The Journal,1515N,0,1.0,405
The Journal,1602N,1,1,730
The Journal,1605S,1,1,727
The Journal,1607S,2,2,1032
The Journal,1608N,0,1.0,468
The Journal,1608S,0,1,468
The Journal,1611N,1,1.0,733
The Journal,1611S,1,1.0,733
The Journal,1612N,1,1,763
The Journal,1701S,1,1,837
The Journal,1702S,1,1,730
The Journal,1705S,1,1,727
The Journal,1706S,1,1.0,660
The Journal,1707S,2,2,1032
The Journal,1708S,0,1,469
The Journal,1709S,1,1,707
The Journal,1801S,1,1.0,843
The Journal,1805S,1,1.0,727
The Journal,1807S,2,2.0,1032
The Journal,1808S,0,1.0,469
The Journal,1814N,2,2,989
The Journal,1901N,1,1,843
The Journal,1904S,0,1,430
The Journal,1908N,0,1,469
The Journal,1909S,1,1,707
The Journal,1912N,1,1,763
The Journal,1912S,1,1,763
The Journal,1914S,2,2,989
The Journal,1915N,0,1.0,
The Journal,2013N,1,1.0,
The Journal,2015N,0,1,405
The Journal,2105S,1,1,727
The Journal,2106N,1,1.0,660
The Journal,2108N,0,1,469
The Journal,2109S,1,1,707
The Journal,2114N,2,2,989
The Journal,2202N,1,1.0,730
The Journal,2204N,0,1,430
The Journal,2209S,1,1,707
The Journal,2211N,1,1,733
The Journal,2211S,1,1,733
The Journal,2212N,1,1,763
The Journal,2215N,0,1.0,
The Journal,2303N,0,1.0,461
The Journal,2307N,2,2,1032
The Journal,2309N,1,1,707
The Journal,2309S,1,1.0,707
The Journal,2315N,0,1,405
The Journal,2402N,1,1,730
The Journal,2405N,1,1.0,727
The Journal,2502N,1,1,730
The Journal,2503N,0,1,461
The Journal,2503S,0,1,461
The Journal,2506S,1,1.0,660
The Journal,2507S,2,2.0,
The Journal,2508N,0,1,475
The Journal,2511S,1,1,741
The Journal,2514S,2,2,989
The Journal,2602N,1,1,730
The Journal,2603S,0,1,461
The Journal,2605N,1,1,727
The Journal,2607S,2,2.0,1032
The Journal,2611N,1,1,741
The Journal,2612N,1,1.0,763
The Journal,2613N,1,1,616
The Journal,2614S,2,2,989
The Journal,2703S,0,1.0,
The Journal,2704N,0,1.0,
The Journal,2706N,1,1,660
The Journal,2709N,1,1,711
The Journal,2710S,1,1,663
The Journal,2804N,0,1.0,
The Journal,2805N,1,1,727
The Journal,2807N,2,2,1032
The Journal,2808N,0,1,475
The Journal,2809N,1,1,711
The Journal,2810N,1,1,663
The Journal,2810S,1,1.0,663
The Journal,2815N,0,1,405
The Journal,2903N,0,1,461
The Journal,2904N,0,1,430
The Journal,2906N,1,1,660
The Journal,2908S,0,1,475
The Journal,2909S,1,1,711
The Journal,2911S,1,1.0,
The Journal,2914N,2,2,989
The Journal,3004N,0,1.0,430
The Journal,3009N,1,1.0,
The Journal,3009S,1,1,711
The Journal,3011N,1,1,741
The Journal,3012N,1,1.0,763
The Journal,3014N,2,2,989
The Journal,3015N,0,1,405
The Journal,3105N,1,1,727
The Journal,3109S,1,1,711
The Journal,3203N,0,1,461
The Journal,3208S,0,1.0,
The Journal,3209S,1,1,711
The Journal,3301S,1,1,851
The Journal,3305S,1,1,727
The Journal,3308N,0,1,461
The Journal,3309S,1,1.0,711
The Journal,3313N,1,1,616
The Journal,3315N,0,1,405
The Journal,3406S,1,1,660
The Journal,3407S,2,2,1034
The Journal,3412S,1,1,1117
The Journal,3415S,0,1.0,375
The Journal,3501S,1,1,882
The Journal,3503S,0,1,461
The Journal,3512S,1,1,763
The Journal,3513S,1,1,616
The Journal,3514S,2,2,989
The Journal,3601N,1,1,872
The Journal,3601S,1,1.0,
The Journal,3605N,1,1,727
The Journal,3614S,2,2,989
The Journal,3704N,0,1.0,
The Journal,3704S,0,1,430
The Journal,3708N,0,1,478
The Journal,3709N,1,1,723
The Journal,3711N,1,1,750
The Journal,3711S,1,1,750
The Journal,3712S,1,1.0,762
The Journal,3715N,0,1,410
The Journal,3802N,1,1,730
The Journal,3804S,0,1,430
The Journal,3807N,2,2,1032
The Journal,3808N,0,1.0,
The Journal,3811S,1,1.0,750
The Journal,3812N,1,1,762
The Journal,3813N,1,1,617
The Journal,3814N,2,2,989
The Journal,3901N,1,1.0,870
The Journal,3902S,1,1,730
The Journal,3903N,0,1,461
The Journal,3903S,0,1,461
The Journal,3904N,0,1,430
The Journal,3907N,2,2.0,1032
The Journal,3910N,1,1,675
The Journal,3910S,1,1.0,675
The Journal,3911N,1,1,750
The Journal,3912S,1,1,762
The Journal,3913N,1,1,617
The Journal,4001N,1,1.0,870
The Journal,4003N,0,1,461
The Journal,4004S,0,1,430
The Journal,4006N,1,1,660
The Journal,4008S,0,1,481
The Journal,4009N,1,1,720
The Journal,4104S,0,1.0,430
The Journal,4106N,1,1,660
The Journal,4107S,2,2,1032
The Journal,4108N,0,1.0,
The Journal,4108S,0,1,481
The Journal,4109S,1,1,720
The Journal,4110N,1,1.0,675
The Journal,4111S,1,1,750
The Journal,4203S,0,1.0,461
The Journal,4204N,0,1,430
The Journal,4208S,0,1.0,481
The Journal,4209N,1,1,720
The Journal,4209S,1,1,720
The Journal,4211N,1,1,750
The Journal,4214N,2,2,989
The Journal,4215N,0,1,410
The Journal,4306N,1,1.0,660
The Journal,4307S,2,2.0,1032
The Journal,4309S,1,1.0,720
The Journal,4314S,2,2.0,989
The Journal,4402N,1,1.0,763
The Journal,4404N,1,1.0,722
The Journal,4406S,1,1,658
The Journal,4408N,0,1,481
The Journal,4501S,1,1,870
The Journal,4502N,1,1,733
The Journal,4505N,1,1,727
The Journal,4505S,1,1.0,727
The Journal,4513S,1,1,617
The Journal,4601S,1,1.0,870
The Journal,4606S,1,1,660
The Journal,4607N,2,2,1032
The Journal,4607S,2,2,1032
The Journal,4608N,0,1,481
The Journal,4612N,1,1,762
The Journal,4613S,1,1,617
The Journal,4701N,1,1,870
The Journal,4702S,1,1,733
The Journal,4704N,0,1,430
The Journal,4706S,1,1.0,660
The Journal,4707N,2,2,1032
The Journal,4709N,1,1,720
The Journal,4712N,1,1,762
The Journal,4713S,1,1,617
The Journal,4715N,0,1,410
The Journal,4715S,0,1,410
The Journal,4802S,1,1,733
The Journal,4804N,0,1,430
The Journal,4806N,1,1,660
The Journal,4806S,1,1.0,
The Journal,4813N,1,1,617
The Journal,4813S,1,1.0,617
The Journal,4814N,2,2.0,
The Journal,4815N,0,1,410
The Journal,4815S,0,1,410
The Journal,4902S,1,1,733
The Journal,4903N,0,1.0,459
The Journal,4904S,0,1,430
The Journal,4905N,1,1,727
The Journal,4906N,1,1,660
The Journal,4906S,1,1.0,
The Journal,4907S,2,2,1032
The Journal,4908N,0,1.0,481
The Journal,4911S,1,1,750
The Journal,4912S,1,1,762
The Journal,4913N,1,1,617
The Journal,4913S,1,1.0,
The Journal,4914N,2,2,989
The Journal,4915N,0,1,410
The Journal,4915S,0,1.0,410
The Journal,5002N,1,1,733
The Journal,5003N,0,1,459
The Journal,5004N,0,1,430
The Journal,5004S,0,1,430
The Journal,5006N,1,1.0,
The Journal,5011S,1,1.0,750
The Journal,5014S,2,2,989
The Journal,5104N,0,1,430
The Journal,5104S,0,1,430
The Journal,5106N,1,1,660
The Journal,5108S,0,1.0,481
The Journal,5109N,1,1.0,720
The Journal,5112S,1,1,762
The Journal,5114S,2,2.0,989
The Journal,5203S,0,1,459
The Journal,5204S,0,1.0,430
The Journal,5206N,1,1.0,660
The Journal,5207N,2,2,1032
The Journal,5209N,1,1.0,720
The Journal,5212S,1,1.0,762
The Journal,5213N,1,1,617
The Journal,5214S,2,2.0,
The Journal,5303S,0,1.0,459
The Journal,5304N,0,1,430
The Journal,5308N,0,1,481
The Journal,5309N,1,1,720
The Journal,5309S,1,1,720
The Journal,5310S,1,1.0,675
The Journal,5312N,1,1,763
The Journal,5313N,1,1,617
The Journal,5314N,2,2,989
The Journal,5315N,0,1,410
The Journal,5401N,1,1.0,870
The Journal,5404N,0,1.0,430
The Journal,5405S,1,1,727
The Journal,5410N,1,1,675
The Journal,5501S,1,1.0,925
The Journal,5504N,0,1.0,430
The Journal,5505N,1,1.0,727
The Journal,5505S,1,1,727
The Journal,5506N,1,1.0,
The Journal,5507N,2,2,1032
The Journal,5510N,1,1,687
The Journal,5513S,1,1,617
The Journal,5515N,0,1,385
The Journal,5602N,1,1.0,733
The Journal,5604N,0,1,430
The Journal,5607N,2,2.0,1032
The Journal,5611N,1,1,758
The Journal,5613S,1,1,617
The Journal,5615N,0,1.0,385
The Journal,5702S,1,1,733
The Journal,5703N,0,1.0,459
The Journal,5704S,0,1,430
The Journal,5706S,1,1,660
The Journal,5708N,0,1,479
The Journal,5711S,1,1,758
The Journal,5713N,1,1,617
The Journal,5713S,1,1,617
The Journal,5714N,2,2,989
The Journal,5802S,1,1,733
The Journal,5804S,0,1,430
The Journal,5806S,1,1,660
The Journal,5811S,1,1,758
The Journal,5812S,1,1,762
The Journal,5813S,1,1,617
The Journal,5815N,0,1.0,385
The Journal,5815S,0,1,385
The Journal,5901N,1,1,925
The Journal,5902S,1,1,733
The Journal,5903S,0,1,459
The Journal,5904S,0,1.0,430
The Journal,5906N,1,1.0,660
The Journal,5906S,1,1.0,660
The Journal,5908N,0,1.0,
The Journal,5911N,1,1,758
The Journal,5911S,1,1,758
The Journal,5912S,1,1,762
The Journal,5914S,2,2.0,989
The Journal,5915N,0,1,385
The Journal,5915S,0,1,385
The Journal,6003S,0,1.0,459
The Journal,6007N,2,2,1032
The Journal,6008S,0,1.0,479
The Journal,6009N,1,1,736
The Journal,6009S,1,1.0,736
The Journal,6010N,1,1,687
The Journal,6010S,1,1.0,687
The Journal,6011S,1,1.0,758
The Journal,6012S,1,1,762
The Journal,6014N,2,2.0,989
The Journal,6015S,0,1.0,385
The Journal,6101S,1,1.0,925
The Journal,6105S,1,1.0,727
The Journal,6108N,0,1,479
The Journal,6109N,1,1.0,736
The Journal,6115N,0,1,385
The Journal,6201S,1,1,925
The Journal,6210N,1,1.0,687
The Journal,6215N,0,1.0,385
The Journal,6301S,1,1,925
The Journal,6302S,1,1,733
The Journal,6303N,0,1.0,459
The Journal,6304N,0,1,430
The Journal,6305S,1,1,727
The Journal,6308N,0,1.0,479
The Journal,6309N,1,1.0,736
The Journal,6313S,1,1,617
The Journal,6315S,0,1,385
Four Twenty Five Summit,0204,0,1.0,439
Four Twenty Five Summit,0211,1,1.0,
Four Twenty Five Summit,0213,1,1.0,762
Four Twenty Five Summit,0219,1,1.0,711
Four Twenty Five Summit,0220,0,1.0,572
Four Twenty Five Summit,0222,0,1,529
Four Twenty Five Summit,0309,0,1.0,515
Four Twenty Five Summit,0312,1,1.0,612
Four Twenty Five Summit,0317,0,1.0,
Four Twenty Five Summit,0318,1,1,756
Four Twenty Five Summit,0320,0,1,577
Four Twenty Five Summit,0415,1,1,650
Four Twenty Five Summit,0419,1,1,719
Four Twenty Five Summit,0421,0,1,635
Four Twenty Five Summit,0501,2,2.0,1129
Four Twenty Five Summit,0503,2,2.0,1022
Four Twenty Five Summit,0509,0,1.0,515
Four Twenty Five Summit,0510,0,1,434
Four Twenty Five Summit,0511,1,1.0,741
Four Twenty Five Summit,0519,1,1,719
Four Twenty Five Summit,0522,0,1,529
Four Twenty Five Summit,0601,2,2,1129
Four Twenty Five Summit,0602,1,1.0,619
Four Twenty Five Summit,0603,2,2,1022
Four Twenty Five Summit,0606,0,1.0,475
Four Twenty Five Summit,0709,0,1,515
Four Twenty Five Summit,0712,1,1,612
Four Twenty Five Summit,0717,0,1.0,
Four Twenty Five Summit,0719,1,1.0,719
Four Twenty Five Summit,0801,2,2.0,1129
Four Twenty Five Summit,0809,0,1,515
Four Twenty Five Summit,0815,1,1,650
Four Twenty Five Summit,0816,1,1.0,
Four Twenty Five Summit,0817,0,1,383
Four Twenty Five Summit,0821,0,1.0,635
Four Twenty Five Summit,0822,0,1,529
Four Twenty Five Summit,0907,1,1.0,653
Four Twenty Five Summit,1001,2,2.0,
Four Twenty Five Summit,1004,0,1.0,565
Four Twenty Five Summit,1006,2,2.0,972
Four Twenty Five Summit,1012,0,1.0,
Four Twenty Five Summit,1102,1,1,639
Four Twenty Five Summit,1103,1,1,616
Four Twenty Five Summit,1106,2,2,972
Four Twenty Five Summit,1107,1,1.0,652
Four Twenty Five Summit,1112,0,1,374
Four Twenty Five Summit,1209,0,1.0,383
Four Twenty Five Summit,1212,0,1,374
Four Twenty Five Summit,1409,0,1.0,383
Four Twenty Five Summit,1410,1,1.0,622
Four Twenty Five Summit,1412,0,1.0,374
Four Twenty Five Summit,1502,1,1.0,639
Four Twenty Five Summit,1508,1,1.0,623
Four Twenty Five Summit,1513,0,1,436
Four Twenty Five Summit,1604,0,1.0,565
Four Twenty Five Summit,1609,0,1,383
Four Twenty Five Summit,1611,0,1,509
Four Twenty Five Summit,1613,0,1,436
Four Twenty Five Summit,1704,0,1.0,565
Four Twenty Five Summit,1709,0,1.0,383
Four Twenty Five Summit,1807,1,1.0,656
Four Twenty Five Summit,1901,2,2.0,1004
Four Twenty Five Summit,1911,0,1.0,509
Four Twenty Five Summit,1912,0,1,374
Four Twenty Five Summit,2003,1,1.0,616
Four Twenty Five Summit,2004,0,1.0,565
Four Twenty Five Summit,2005,1,1.0,627
Four Twenty Five Summit,2008,1,1.0,623
Four Twenty Five Summit,2112,0,1,374
Four Twenty Five Summit,2113,0,1,436
Four Twenty Five Summit,2114,1,1.0,670
Four Twenty Five Summit,2201,2,2,1004
Four Twenty Five Summit,2202,1,1.0,639
Four Twenty Five Summit,2207,1,1.0,652
Four Twenty Five Summit,2213,0,1.0,436
Four Twenty Five Summit,2214,1,1.0,670
Four Twenty Five Summit,2301,3,2,1241
Four Twenty Five Summit,2307,0,1,383
Four Twenty Five Summit,2401,3,2,1241
Four Twenty Five Summit,2407,0,1,383
Four Twenty Five Summit,2410,0,1,374
Four Twenty Five Summit,2412,1,1.0,670
Four Twenty Five Summit,2502,2,2.0,986
Four Twenty Five Summit,2506,1,1.0,623
Four Twenty Five Summit,2508,1,1.0,622
Four Twenty Five Summit,2510,0,1.0,374
Four Twenty Five Summit,2511,0,1.0,436
Four Twenty Five Summit,2512,1,1.0,670
Four Twenty Five Summit,2606,1,1,623
Four Twenty Five Summit,2609,0,1.0,510
Four Twenty Five Summit,PH03,0,1.0,
Four Twenty Five Summit,PH04,0,1.0,374
MetroVue,1006,1,1,562
MetroVue,1110,1,1.0,590
MetroVue,206,1,1.0,562
MetroVue,209,1,1.0,562
MetroVue,406,1,1.0,562
MetroVue,407,1,1,562
MetroVue,5011,1,1.0,540
MetroVue,503,0,1.0,432
MetroVue,505,1,1.0,562
MetroVue,609,1,1,562
Orchard,1012,0,1.0,
Orchard,1014,1,1.0,
Orchard,1215,1,1.0,
Orchard,1225,2,2,
Orchard,1313,0,1.0,
Orchard,1982,0,1,
Orchard,2301,1,1,
Orchard,2604,2,1,
Orchard,3403,2,2.0,
Orchard,3414,1,1,
Orchard,3501,2,1,
Orchard,4093,1,1,
Orchard,4499,1,1,
Orchard,5414,1,1.0,
Orchard,604,2,2.0,
Orchard,6042,1,1,
Orchard,6612,0,1,
Orchard,6994,2,1,
Orchard,7215,1,1,
Orchard,8306,1,1,
Orchard,8518,1,1,
Orchard,9061,1,1,
Orchard,9493,2,2,
Orchard,9814,1,1,
The Greyson,0606,0,1,419
The Greyson,0611,0,1,470
The Greyson,0615,3,2,1103
The Greyson,0801,0,1,392
The Greyson,0809,1,1,740
The Greyson,0817,0,1,444
The Greyson,0821,0,1,549
The Greyson,0902,2,2,886
The Greyson,0912,1,1,671
The Greyson,0920,0,1,428
The Greyson,0923,1,1,688
The Greyson,0924,0,1,470
The Greyson,1003,1,1,
The Greyson,1012,1,1,671
The Greyson,1013,0,1,
The Greyson,1022,0,1,
The Greyson,1101,0,1,
The Greyson,1103,1,1,
The Greyson,1104,0,1,414
The Greyson,1111,0,1,470
The Greyson,1112,1,1,
The Greyson,1117,0,1,
The Greyson,1118,1,1,657
The Greyson,1122,0,1,415
The Greyson,1123,1,1,
The Greyson,1124,0,1,470
The Greyson,1201,0,1.0,
The Greyson,1213,0,1,470
The Greyson,1214,1,1,688
The Greyson,1215,3,2,1103
The Greyson,1401,0,1,
The Greyson,1405,1,1,650
The Greyson,1409,1,1,740
The Greyson,1412,1,1,
The Greyson,1417,0,1,
The Greyson,1601,0,1,
The Greyson,1621,0,1,549
The Greyson,1626,1,1,699
The Greyson,1704,0,1,
The Greyson,1708,2,2,
The Greyson,1723,1,1,
The Greyson,1811,0,1,470
The Greyson,1823,1,1.0,
The Greyson,1902,2,2,886
The Greyson,1906,0,1,419
The Greyson,1907,1,1,629
The Greyson,1912,1,1,671
The Greyson,1913,0,1,
The Greyson,1915,0,1,470
The Greyson,1926,1,1,
The Greyson,2001,0,1,
The Greyson,2004,0,1,
The Greyson,2008,2,2.0,
The Greyson,2010,1,1,672
The Greyson,2012,1,1,671
The Greyson,2018,1,1.0,657
The Greyson,2023,1,1,
The Greyson,2025,1,1,
The Greyson,2104,0,1.0,414
The Greyson,2108,2,2,1079
The Greyson,2109,1,1,
The Greyson,2113,0,1.0,
The Greyson,2120,0,1,
The Greyson,2122,0,1,415
The Greyson,2201,0,1,392
The Greyson,2209,1,1,740
The Greyson,2213,0,1,470
The Greyson,2309,1,1,740
The Greyson,2311,0,1,470
The Greyson,2404,0,1,
The Greyson,2406,0,1,419
The Greyson,2407,1,1,629
The Greyson,2409,1,1,740
The Greyson,2417,0,1,444
The Greyson,2422,0,1,
The Greyson,2425,1,1,770
The Greyson,2505,1,1,650
The Greyson,2507,1,1.0,
The Greyson,2520,0,1.0,428
The Greyson,2521,0,1,549
The Greyson,2603,1,1,
The Greyson,2604,0,1,414
The Greyson,2613,0,1,470
The Greyson,2623,1,1,688
The Greyson,2624,0,1.0,470
The Greyson,2626,1,1,699
The Greyson,2702,2,2,886
The Greyson,2710,1,1,672
The Greyson,2712,1,1.0,
The Greyson,2717,0,1,
The Greyson,2722,0,1,415
The Greyson,2803,1,1,
The Greyson,2817,0,1,
The Greyson,502,2,2,
The Greyson,504,0,1,
The Greyson,507,1,1,
The Greyson,512,1,1,
The Greyson,513,0,1,
The Greyson,520,0,1,
The Greyson,524,0,1,
The Greyson,525,1,1,
The Greyson,526,1,1,
The Greyson,615,3,2.0,1103
The Greyson,620,0,1,
The Greyson,815,3,2,
The Greyson,824,0,1,
The Greyson,901,0,1,
The Greyson,902,2,2.0,886
The Greyson,912,1,1,671
The Greyson,923,1,1,688
The Greyson,PH19,1,1,
505 Summit,0201,3,2.0,
505 Summit,0403,1,1,794
505 Summit,0504,3,2,1413
505 Summit,0506,3,2,1251
505 Summit,0604,0,1,620
505 Summit,0606,0,1,542
505 Summit,0811,1,1.0,627
505 Summit,0908,1,1,630
505 Summit,0909,0,1.0,492
505 Summit,1407,1,1,648
505 Summit,1508,1,1,630
505 Summit,1811,1,1,627
505 Summit,1911,1,1,627
505 Summit,2001,2,2,1150
505 Summit,2612,2,2,923
505 Summit,2713,2,2.0,
505 Summit,2802,0,1,638
505 Summit,2901,2,2,1144
505 Summit,2902,0,1,638
505 Summit,2907,1,1,727
505 Summit,2910,1,1,569
505 Summit,3007,1,1,727
505 Summit,3009,1,1,736
505 Summit,3013,2,2,924
505 Summit,3109,1,1,736
505 Summit,3112,1,1,690
505 Summit,3113,2,2,924
505 Summit,3211,1,1,698
505 Summit,3213,2,2,924
505 Summit,3301,2,2.0,
505 Summit,3310,1,1,569
505 Summit,3401,2,2,1144
505 Summit,3408,1,1,608
505 Summit,3411,1,1.0,
505 Summit,3501,2,2,1144
505 Summit,3502,0,1,638
505 Summit,3601,2,2,1144
505 Summit,3608,1,1.0,
505 Summit,3613,2,2.0,
505 Summit,3703,0,1,623
505 Summit,3802,0,1,638
505 Summit,3807,1,1,727
505 Summit,3808,1,1,608
505 Summit,3810,1,1,569
505 Summit,3811,1,1,698
505 Summit,3906,0,1,527
505 Summit,3909,1,1,730
505 Summit,3913,1,1,725
505 Summit,4006,0,1,527
505 Summit,4011,1,1,673
505 Summit,4108,1,1,608
505 Summit,4202,0,1,635
505 Summit,4203,0,1,625
505 Summit,4207,1,1,732
505 Summit,4313,1,1,725
505 Summit,4402,0,1,635
505 Summit,4404,1,1,717
505 Summit,4407,1,1,732
505 Summit,4409,1,1,730
505 Summit,4501,2,2,1141
505 Summit,4504,1,1,717
505 Summit,4506,0,1,527
505 Summit,4509,1,1,730
505 Summit,4511,1,1,673
505 Summit,4512,1,1,688
505 Summit,4513,1,1,725
505 Summit,4601,2,2,1141
505 Summit,4606,0,1,527
505 Summit,4608,1,1,608
505 Summit,4610,1,1,570
505 Summit,4612,1,1,688
505 Summit,4701,1,1,600
505 Summit,4702,0,1,430
505 Summit,4703,0,1,446
505 Summit,4704,0,1,586
505 Summit,4705,1,1,699
505 Summit,4706,0,1,526
505 Summit,4707,0,1,530
505 Summit,4710,1,1,793
505 Summit,4714,0,1,520
505 Summit,4805,1,1,699
505 Summit,4808,1,1,710
505 Summit,4812,1,1,730
505 Summit,4903,0,1,446
505 Summit,4905,1,1,699
505 Summit,4912,1,1,730
505 Summit,4914,0,1.0,520
505 Summit,5001,1,1,600
505 Summit,5004,0,1,586
505 Summit,5007,0,1,530
505 Summit,5010,1,1.0,793
505 Summit,5011,1,1,594
505 Summit,5012,1,1,730
505 Summit,5013,1,1,701
505 Summit,5014,0,1,520
505 Summit,5102,0,1,417
505 Summit,5104,0,1,586
505 Summit,5105,1,1,692
505 Summit,5109,0,1,462
505 Summit,5111,1,1,551
505 Summit,5204,0,1,586
505 Summit,5206,0,1,530
505 Summit,5208,1,1.0,
505 Summit,5307,2,2,962
505 Summit,5309,0,1,462
505 Summit,5311,1,1,551
413 Summit,1010,1,1.0,
413 Summit,409,1,1.0,
345 Baldwin,1002,0,1,391
345 Baldwin,1006,1,1.0,664
345 Baldwin,1008,1,1,620
345 Baldwin,1106,1,1,664
345 Baldwin,1107,2,2,833
345 Baldwin,1110,1,1.0,650
345 Baldwin,1202,0,1,391
345 Baldwin,1205,1,1.0,664
345 Baldwin,1207,1,1.0,620
345 Baldwin,1303,3,3,1371
345 Baldwin,303,0,1.0,391
345 Baldwin,308,1,1.0,620
345 Baldwin,406,1,1,664
345 Baldwin,408,1,1,620
345 Baldwin,502,0,1,391
345 Baldwin,603,0,1,391
345 Baldwin,701,2,2.0,947
345 Baldwin,704,0,1.0,391
345 Baldwin,710,1,1,650
345 Baldwin,803,0,1.0,391
345 Baldwin,807,2,2.0,833
55 Jordan,1333,1,1.0,
55 Jordan,1373,1,1,
55 Jordan,1699,2,1,
55 Jordan,1801,2,2,
55 Jordan,1881,2,2,
55 Jordan,2060,0,1,
55 Jordan,2077,0,1.0,
55 Jordan,2291,1,1,
55 Jordan,266,0,1,
55 Jordan,3055,0,1.0,
55 Jordan,3286,0,1,
55 Jordan,355,0,1,
55 Jordan,4070,0,1,
55 Jordan,4199,1,1.0,
55 Jordan,555,1,1,
55 Jordan,556,1,1,
55 Jordan,6672,0,1,
55 Jordan,8100,2,2.0,
55 Jordan,8919,2,1,
55 Jordan,9090,2,2.0,
3 Journal Square,0214,2,2,1156
3 Journal Square,0217,1,1,752
3 Journal Square,0404,2,2,1052
3 Journal Square,0417,1,1,752
3 Journal Square,0514,2,2,1156
3 Journal Square,0609,0,1,496
3 Journal Square,0612,0,1,496
3 Journal Square,0615,1,1,687
3 Journal Square,0701,1,1,687
3 Journal Square,0705,1,1,704
3 Journal Square,0810,1,1,752
3 Journal Square,0812,0,1,496
3 Journal Square,0818,0,1,496
3 Journal Square,1101,1,1,687
3 Journal Square,1106,1,1,726
3 Journal Square,1115,1,1,687
3 Journal Square,1117,1,1,752
3 Journal Square,1202,0,1,496
3 Journal Square,PH01,1,1,687
134 Baldwin,308,0,1,561
134 Baldwin,404,0,1,500
134 Baldwin,410,2,2,1088
134 Baldwin,414,0,1,660
134 Baldwin,504,0,1,575
134 Baldwin,513,0,1,565
134 Baldwin,603,0,1,500
134 Baldwin,607,0,1,561
134 Baldwin,705,1,1,750
134 Baldwin,710,0,1,565
134 Baldwin,713,0,1,565
134 Baldwin,714,0,1,565
134 Baldwin,802,0,1,500
Radio Lofts,fp1,0,1.0,
Radio Lofts,fp10,2,2.0,
Radio Lofts,fp11,3,3.0,
Radio Lofts,fp2,1,1.0,
Radio Lofts,fp3,1,2.0,
Radio Lofts,fp4,2,2.0,
Radio Lofts,fp5,2,2.0,
Radio Lofts,fp6,2,2.0,
Radio Lofts,fp7,3,3.0,
Radio Lofts,fp8,2,2.0,
Radio Lofts,fp9,2,2.0,
Bisby,BIS0207,1,1.0,780
Bisby,BIS0218,0,1.0,484
Bisby,BIS0222,0,1.0,484
Bisby,BIS0224,0,1.0,484
Bisby,BIS0316,2,2.0,942
Bisby,BIS0320,0,1.0,484
Bisby,BIS0326,0,1.0,484
Bisby,BIS0330,2,2.0,1146
Bisby,BIS0416,2,2.0,942
Bisby,BIS0418,0,1.0,484
Bisby,BIS0424,0,1.0,484
Bisby,BIS0426,0,1.0,484
Bisby,BIS0430,2,2.0,1146
Bisby,BIS0503,1,1.0,835
Bisby,BIS0507,1,1.0,780
Bisby,BIS0516,2,2.0,942
Bisby,BIS0522,0,1.0,484
Bisby,BIS0526,0,1.0,484
Bisby,BIS0528,0,1.0,484
Bisby,BIS0603,1,1.0,835
Bisby,BIS0705,1,1.0,773
Bisby,BIS0801,2,2.0,1267
Bisby,BIS0802,2,2.0,1267
Bisby,BIS0808,2,2.0,1266
Bisby,BIS0906,1,1.0,795
Bisby,BIS1004,2,2.0,1080
Bisby,BIS1008,2,2.0,1266
Bisby,BIS1016,3,3.0,1701
Bisby,BIS1111,1,1.0,827
Bisby,BIS1115,2,2.0,1292
Bisby,BIS1116,3,3.0,1701
Bisby,BIS1206,1,1.0,795
Bisby,BIS1416,3,3.0,1701
Bisby,BIS1505,1,1.0,773
Bisby,BIS1605,1,1.0,773
Bisby,BIS1606,1,1.0,795
Bisby,BIS1607,1,1.0,780
Bisby,BIS1608,2,2.0,1266
Bisby,BIS1616,3,3.0,1701
Bisby,BIS1701,2,2.0,1267
Bisby,BIS1802,2,2.0,1267
Bisby,BIS1804,2,2.0,1080
Bisby,BIS1816,3,3.0,1701
Bisby,BIS1906,1,1.0,795
Bisby,BIS2006,1,1.0,795
Bisby,BIS2201,2,2.0,1267
Bisby,BIS2202,2,2.0,1267
Bisby,BIS2204,2,2.0,1080
Bisby,BIS2209,1,1.0,827
Bisby,BIS2316,3,3.0,1701
Bisby,BIS2403,1,1.0,835
Bisby,BIS2416,3,3.0,1701
Bisby,BIS2502,2,2.0,1267
Bisby,BIS2516,3,3.0,1701
Bisby,BIS2701,2,2.0,1267
Bisby,BIS2804,2,2.0,1080
Bisby,BIS2807,1,1.0,780
Bisby,BIS2904,2,2.0,1080
Bisby,BIS2916,3,3.0,1701
Bisby,BIS3007,1,1.0,780
Bisby,BIS3202,2,2.0,1267
Bisby,BIS3204,2,2.0,1080
Bisby,BIS3208,2,2.0,1266
Bisby,BISPH101,2,2.0,1267
One Grove,fp1,1,1.0,786
One Grove,fp2,1,1.0,657
One Grove,fp3,0,1.0,485
One Grove,fp4,0,1.0,626
One Grove,fp5,2,2.0,1007
One Grove,fp6,3,2.5,1376
Haus25,fp1,1,1.0,675
Haus25,fp10,2,1.0,1003
Haus25,fp11,1,1.0,835
Haus25,fp12,2,1.0,1003
Haus25,fp13,2,2.0,1120
Haus25,fp14,2,2.0,1133
Haus25,fp15,2,2.0,1245
Haus25,fp16,2,2.5,1349
Haus25,fp17,2,2.5,1349
Haus25,fp18,2,2.5,1349
Haus25,fp19,2,2.5,1349
Haus25,fp2,1,1.0,685
Haus25,fp20,2,2.5,1324
Haus25,fp21,3,2.0,1411
Haus25,fp22,2,2.5,1324
Haus25,fp23,3,2.0,1411
Haus25,fp24,3,2.0,1411
Haus25,fp3,1,1.0,809
Haus25,fp4,0,1.0,475
Haus25,fp5,0,1.0,478
Haus25,fp6,0,1.0,575
Haus25,fp7,1,1.0,744
Haus25,fp8,1,1.0,847
Haus25,fp9,1,1.0,835
351 Marin,fp1,0,1.0,
351 Marin,fp2,1,1.0,
351 Marin,fp3,2,2.0,
One Ten,fp1,0,1.0,
One Ten,fp10,0,1.0,
One Ten,fp11,0,1.0,
One Ten,fp12,0,1.0,
One Ten,fp13,0,1.0,
One Ten,fp14,1,1.0,
One Ten,fp15,2,2.0,
One Ten,fp16,2,2.0,
One Ten,fp2,0,1.0,
One Ten,fp3,1,1.0,
One Ten,fp4,1,1.0,
One Ten,fp5,1,1.0,
One Ten,fp6,1,1.0,
One Ten,fp7,1,1.0,
One Ten,fp8,0,1.0,
One Ten,fp9,0,1.0,
100 House,fp1,0,1.0,
100 House,fp10,2,2.0,
100 House,fp11,2,2.0,
100 House,fp12,2,2.0,
100 House,fp13,2,2.0,
100 House,fp2,0,1.0,
100 House,fp3,1,1.0,
100 House,fp4,1,1.0,
100 House,fp5,2,2.0,
100 House,fp6,2,2.0,
100 House,fp7,1,1.0,
100 House,fp8,1,1.0,
100 House,fp9,1,1.0,
The Enclave,fp1,1,1.0,664
The Enclave,fp10,2,2.0,1097
The Enclave,fp11,2,2.0,1102
The Enclave,fp12,2,2.0,1241
The Enclave,fp13,2,2.0,1253
The Enclave,fp14,2,2.0,1325
The Enclave,fp15,2,2.0,1140
The Enclave,fp16,2,2.0,1091
The Enclave,fp17,2,2.0,1140
The Enclave,fp18,2,2.0,1140
The Enclave,fp2,1,1.0,695
The Enclave,fp3,1,1.0,700
The Enclave,fp4,1,1.0,735
The Enclave,fp5,1,1.0,810
The Enclave,fp6,1,1.0,867
The Enclave,fp7,1,1.0,825
The Enclave,fp8,1,1.0,867
The Enclave,fp9,1,1.0,825
VYV South Tower,S-0256,1,1.0,787
VYV South Tower,S-0451,1,1.0,841
VYV South Tower,S-0453,1,1.0,733
VYV South Tower,S-0455,1,1.0,722
VYV South Tower,S-0655,1,1.0,722
VYV South Tower,S-0658,1,1.0,815
VYV South Tower,S-0659,1,1.0,699
VYV South Tower,S-0755,1,1.0,722
VYV South Tower,S-0758,1,1.0,815
VYV South Tower,S-0762,1,1.0,790
VYV South Tower,S-0953,1,1.0,733
VYV South Tower,S-0955,1,1.0,703
VYV South Tower,S-1059,1,1.0,759
VYV South Tower,S-1061,1,1.0,734
VYV South Tower,S-1155,1,1.0,703
VYV South Tower,S-1256,0,1.0,528
VYV South Tower,S-1262,1,1.0,965
VYV South Tower,S-1361,1,1.0,734
VYV South Tower,S-1655,1,1.0,703
VYV South Tower,S-1659,1,1.0,759
VYV South Tower,S-1853,1,1.0,733
VYV South Tower,S-1858,1,1.0,769
VYV South Tower,S-1859,1,1.0,759
VYV South Tower,S-2060,2,2.0,1179
VYV South Tower,S-2061,1,1.0,734
VYV South Tower,S-2159,1,1.0,759
VYV South Tower,S-2161,1,1.0,734
VYV South Tower,S-2251,2,2.0,1210
VYV South Tower,S-2353,1,1.0,733
VYV South Tower,S-2659,1,1.0,759
VYV South Tower,S-2857,2,2.0,1210
VYV South Tower,S-2953,1,1.0,733
VYV South Tower,S-3051,2,2.0,1210
VYV South Tower,S-3059,1,1.0,759
VYV South Tower,S-3150,1,1.0,757
VYV South Tower,S-3152,1,1.0,708
VYV South Tower,S-3255,1,1.0,703
VYV South Tower,S-3256,0,1.0,528
VYV South Tower,S-3350,1,1.0,757
VYV South Tower,S-3455,1,1.0,703
VYV South Tower,S-3460,2,2.0,1179
VYV South Tower,S-3556,0,1.0,528
VYV South Tower,S-3558,1,1.0,769
VYV North Tower,N-0601,1,1.0,763
VYV North Tower,N-0702,2,2.0,1158
VYV North Tower,N-0704,1,1.0,739
VYV North Tower,N-1002,2,2.0,1158
VYV North Tower,N-1004,1,1.0,739
VYV North Tower,N-1007,0,1.0,610
VYV North Tower,N-1102,2,2.0,1158
VYV North Tower,N-1407,0,1.0,610
VYV North Tower,N-1409,2,2.0,1182
VYV North Tower,N-1607,0,1.0,610
VYV North Tower,N-1710,1,1.0,739
VYV North Tower,N-1711,2,2.0,1084
VYV North Tower,N-1713,0,1.0,610
VYV North Tower,N-1811,2,2.0,1084
VYV North Tower,N-1904,1,1.0,739
VYV North Tower,N-2109,2,2.0,1182
VYV North Tower,N-2204,1,1.0,739
VYV North Tower,N-2208,1,1.0,879
VYV North Tower,N-2407,0,1.0,610
VYV North Tower,N-2501,1,1.0,763
VYV North Tower,N-2508,1,1.0,879
VYV North Tower,N-2511,2,2.0,1084
VYV North Tower,N-2606,1,1.0,720
VYV North Tower,N-2607,0,1.0,610
VYV North Tower,N-2608,1,1.0,879
VYV North Tower,N-2609,2,2.0,1182
VYV North Tower,N-2701,1,1.0,763
VYV North Tower,N-2806,1,1.0,720
VYV North Tower,N-3007,0,1.0,610
VYV North Tower,N-3109,2,2.0,1182
VYV North Tower,N-3208,1,1.0,879
VYV North Tower,N-3210,1,1.0,739
VYV North Tower,N-3213,0,1.0,610
VYV North Tower,N-3303,1,1.0,739
VYV North Tower,N-3305,2,2.0,1084
VYV North Tower,N-3401,1,1.0,763
VYV North Tower,N-3411,2,2.0,1084
VYV North Tower,N-3413,0,1.0,610
VYV North Tower,N-3511,2,2.0,1084
DVORA 175,fp1,2,2.0,
DVORA 175,fp2,2,2.0,
DVORA 175,fp3,2,1.0,
DVORA 175,fp4,2,1.0,
DVORA 175,fp5,2,2.0,
DVORA 175,fp6,2,2.0,
DVORA 175,fp7,2,2.0,
235 Grand,fp1,0,1.0,
235 Grand,fp2,1,1.0,
235 Grand,fp3,2,2.0,
Sable,SAB-0402,1,1.0,752
Sable,SAB-0602,1,1.0,752
Sable,SAB-0804,1,1.0,736
Sable,SAB-1003,1,1.0,736
Sable,SAB-1005,2,1.0,1013
Sable,SAB-1112,0,1.0,413
Sable,SAB-1405,2,1.0,1013
Sable,SAB-1408,2,1.0,824
Sable,SAB-1508,2,1.0,824
Sable,SAB-1601,1,1.0,569
Sable,SAB-1602,2,1.0,824
Sable,SAB-1910,0,1.0,561
Sable,SAB-2001,0,1.0,413
Sable,SAB-2011,1,1.0,752
Sable,SAB-2107,1,1.0,569
Sable,SAB-2405,1,1.0,612
Sable,SAB-2409,1,1.0,529
Sable,SAB-2605,1,1.0,612
Sable,SAB-2610,0,1.0,456
Sable,SAB-2802,1,1.0,612
Sable,SAB-2810,0,1.0,456
Sable,SAB-3001,0,1.0,413
Sable,SAB-3012,0,1.0,413
Sable,SAB-3103,1,1.0,599
Sable,SAB-3108,1,1.0,612
Sable,SAB-3205,1,1.0,612
Sable,SAB-3402,1,1.0,612
Sable,SAB-3505,2,1.0,824
Sable,SAB-3512,1,1.0,569
Sable,SAB-3601,1,1.0,569
Sable,SAB-3603,1,1.0,599
Sable,SAB-3701,1,1.0,569
Sable,SAB-3709,1,1.0,699
Sable,SAB-3711,2,1.0,1013
Sable,SAB-3811,2,1.0,1013
Sable,SAB-3901,1,1.0,569
Sable,SAB-4008,2,1.0,1013
Sable,SAB-4102,2,1.0,824
Sable,SAB-4302,2,1.0,1013
Sable,SAB-4402,2,1.0,1013
Sable,SAB-4501,0,1.0,413
Sable,SAB-4510,0,1.0,456
Sable,SAB-4612,0,1.0,413
Sable,SAB-4706,1,1.0,569
Sable,SAB-4802,1,1.0,612
Sable,SAB-4805,2,1.0,824
Sable,SAB-4910,0,1.0,456
Sable,SAB-5001,0,1.0,413
Sable,SAB-5003,1,1.0,599
Sable,SAB-5007,1,1.0,569
Sable,SAB-5009,1,1.0,529
Sable,SAB-5101,0,1.0,413
Sable,SAB-5302,1,1.0,612
Sable,SAB-5411,1,1.0,612
Sable,SAB-5504,1,1.0,599
Sable,SAB-5505,2,1.0,824
Sable,SAB-5509,1,1.0,529
Sable,SAB-5712,0,1.0,413
Sable,SAB-5801,1,1.0,569
Sable,SAB-5802,2,1.0,824
Sable,SAB-6007,0,1.0,413
Sable,SAB-6011,2,1.0,1013
Sable,SAB-6110,0,1.0,561
Sable,SAB-6205,1,1.0,612
Sable,SAB-6301,0,1.0,413
Sable,SAB-6308,2,1.0,824
Sable,SAB-6310,0,1.0,456
Sable,SAB-6505,2,1.0,1013
Sable,SAB-6708,2,1.0,824
Sable,SAB-6906,1,1.0,569
Sable,SAB-6907,1,1.0,569
The Hazel,201,1,1.0,
The Hazel,206,0,1.0,
The Hazel,208,1,1.0,
The Hazel,230,1,1.0,
The Hazel,241,0,1.0,
The Hazel,245,1,1.0,
The Hazel,302,1,1.0,
The Hazel,304,0,1.0,
The Hazel,307,2,2.0,
The Hazel,308,1,1.0,
The Hazel,317,0,1.0,
The Hazel,318,1,1.0,
The Hazel,335,1,1.0,
The Hazel,341,0,1.0,
The Hazel,345,1,1.0,
The Hazel,419,2,2.0,
The Hazel,421,0,1.0,
The Hazel,423,0,1.0,
The Hazel,430,1,1.0,
The Hazel,501,1,1.0,
The Hazel,502,1,1.0,
The Hazel,507,2,2.0,
The Hazel,534,1,1.0,
The Hazel,541,0,1.0,
The Hazel,543,0,1.0,
The Hazel,544,0,1.0,
The Hazel,602,1,1.0,
The Hazel,607,2,2.0,
The Hazel,626,1,1.0,
The Hazel,630,1,1.0,
The Hazel,635,1,1.0,
The Hazel,637,1,1.0,
Atlas,0304,3,2.0,
Atlas,0305,1,1.0,
Atlas,0308,0,1.0,
Atlas,0401,1,1.0,
Atlas,0406,1,1.0,
Atlas,0503,1,1.0,
Atlas,0505,1,1.0,
Atlas,0708,0,1.0,
Atlas,0803,1,1.0,
Atlas,0808,0,1.0,
Atlas,0904,3,2.0,
Atlas,1106,2,2.0,
Atlas,1205,1,1.0,
Atlas,1206,2,2.0,
Atlas,1303,1,1.0,
Atlas,1304,3,2.0,
Atlas,1306,2,2.0,
Atlas,1401,1,1.0,
Atlas,1507,1,1.0,
Atlas,1704,3,2.0,
Atlas,1707,1,1.0,
Atlas,1807,1,1.0,
Atlas,1902,1,1.0,
Atlas,2001,1,1.0,
Atlas,2007,1,1.0,
Atlas,2201,1,1.0,
Atlas,2202,1,1.0,
Atlas,2203,1,1.0,
Atlas,2304,3,2.0,
Atlas,2305,1,1.0,
829 Garfield,fp1,2,2.0,973
829 Garfield,fp2,3,2.0,1247
829 Garfield,fp3,2,2.0,919
295J,fp1,0,1.0,422
295J,fp2,1,1.0,636
295J,fp3,2,2.0,979
295J,fp4,0,1.0,422
Birch House,106,1,1.0,
Birch House,203,0,1.0,
Birch House,211,2,2.0,
Birch House,217,0,1.0,
Birch House,219,1,1.0,
Birch House,226,1,1.0,
Birch House,246,2,2.0,
Birch House,255,2,2.0,
Birch House,311,2,2.0,
Birch House,320,0,1.0,
Birch House,336,0,1.0,
Birch House,351,1,1.0,
Birch House,379,2,2.0,
Birch House,381,2,1.0,
Birch House,416,2,2.0,
Birch House,423,0,1.0,
Birch House,433,1,1.0,
Birch House,435,1,1.0,
Birch House,472,1,1.0,
Birch House,474,2,2.0,
Birch House,516,2,2.0,
Birch House,551,1,1.0,
Birch House,555,2,2.0,
Birch House,575,1,1.0,
Birch House,PH05,0,1.0,
Birch House,PH36,0,1.0,
Birch House,PH46,2,2.0,
Birch House,PH51,1,1.0,
Birch House,PH60,2,1.0,
Birch House,PH64,0,1.0,
CityLine East,fp1,0,1.0,506
CityLine East,fp10,2,2.0,1059
CityLine East,fp2,0,1.0,460
CityLine East,fp3,0,1.0,513
CityLine East,fp4,1,1.0,660
CityLine East,fp5,1,1.0,801
CityLine East,fp6,1,1.0,696
CityLine East,fp7,2,2.0,1059
CityLine East,fp8,1,1.0,696
CityLine East,fp9,2,2.0,1059
CityLine West,fp1,1,1.0,670
CityLine West,fp2,1,1.0,665
CityLine West,fp3,2,1.0,986
CityLine West,fp4,2,1.0,986
CityLine West,fp5,2,2.0,963
CityLine West,fp6,2,2.0,941
The Agnes,111,1,1.0,
The Agnes,113,1,1.0,
The Agnes,116,1,1.0,
The Agnes,120,4,3.0,
The Agnes,215,2,2.0,
The Agnes,217,2,2.0,
The Agnes,221,2,2.0,
The Agnes,340,2,2.0,
The Agnes,341,1,1.0,
The Agnes,352,0,1.0,
The Agnes,408,1,1.0,
The Agnes,444,1,1.0,
The Agnes,447,1,1.0,
The Agnes,509,0,1.0,
The Agnes,519,0,1.0,
The Agnes,525,2,2.0,
The Agnes,530,1,1.0,
The Agnes,533,2,2.0,
The Devan,206,3,2.0,
The Devan,238,1,1.0,
The Devan,245,0,1.0,
The Devan,262,0,1.0,
The Devan,358,2,2.0,
The Devan,416,1,1.0,
The Devan,426,0,1.0,
The Devan,440,2,2.0,
The Devan,442,2,2.0,
The Devan,456,2,2.0,
The Devan,515,2,2.0,
The Devan,543,1,1.0,
The Devan,548,1,1.0,
The Devan,549,2,2.0,
The Devan,564,1,1.0,
The Devan,624,1,1.0,
The Devan,640,2,2.0,
The Devan,650,1,1.0,
The Devan,652,1,1.0,
The Devan,660,1,1.0,
The Devan,726,0,1.0,
The Devan,847,0,1.0,
Sawyer,0113,1,1.0,827
Sawyer,0114,1,1.0,827
Sawyer,0115,1,1.0,827
Sawyer,0215,1,1.0,900
Sawyer,0222,2,2.0,1181
Sawyer,0301,1,1.0,822
Sawyer,0312,1,1.0,763
Sawyer,0316,1,1.0,763
Sawyer,0321,1,1.0,775
Sawyer,0402,1,1.0,727
Sawyer,0405,1,1.5,998
Sawyer,0406,1,1.0,775
Sawyer,0426,2,2.0,1119
Sawyer,0516,1,1.0,763
Oliver on the Hudson,1035,3,2.0,1292
Oliver on the Hudson,1050,0,1.0,564
Oliver on the Hudson,1054,2,2.0,1075
Oliver on the Hudson,1078,2,2.0,1075
Oliver on the Hudson,1080,2,2.0,1075
Oliver on the Hudson,1092,2,2.0,1028
Oliver on the Hudson,1094,2,2.0,1075
Oliver on the Hudson,2004,0,1.0,572
Oliver on the Hudson,2006,1,1.0,698
Oliver on the Hudson,2029,1,1.0,875
Oliver on the Hudson,2042,2,2.0,1049
Oliver on the Hudson,2076,3,2.0,1332
Oliver on the Hudson,3075,2,2.0,1082
Oliver on the Hudson,3081,1,1.0,701
Oliver on the Hudson,3098,0,1.0,572
Oliver on the Hudson,4010,2,2.0,1082
Oliver on the Hudson,4012,2,2.0,1082
Oliver on the Hudson,4023,2,2.0,1103
Oliver on the Hudson,4040,2,2.0,1049
Oliver on the Hudson,4073,2,2.0,1117
Oliver on the Hudson,4090,2,2.0,1082
Oliver on the Hudson,4101,1,1.0,698
Oliver on the Hudson,5011,1,1.0,701
Oliver on the Hudson,5015,2,2.0,999
Oliver on the Hudson,5025,2,2.0,1151
Oliver on the Hudson,5037,1,1.0,1044
Oliver on the Hudson,5041,1,1.0,1044
Oliver on the Hudson,5081,1,1.0,871
Oliver on the Hudson,5083,1,1.0,871
Oliver on the Hudson,5085,1,1.0,871
Oliver on the Hudson,5101,1,1.0,698
